Timestamp,App,User_Name,Rating,Log
2026-03-31 08:15:22,Spotify: Music and Podcasts,Alex Johnson,5,"Incredible music recommendations. The new UI is super slick and animations are fast."
2026-03-31 09:42:10,Instagram,Sarah Miller,4,"Great for connecting with friends, but there are too many ads lately."
2026-03-31 11:20:05,Duolingo: Language & Chess,Mike Chen,5,"The gamification really helps me stay consistent. Learning Spanish has never been this fun."
2026-04-01 14:05:33,WhatsApp Messenger,David Brown,4,"Solid communication app, reliable as always. Needs better file sharing limits."
2026-04-01 15:30:12,Netflix,Emily White,3,"Good content but the price keeps increasing. The app itself is very smooth though."
2026-04-01 16:45:50,Spotify: Music and Podcasts,Chris Evans,4,"Love the podcast integrations. The offline listening feature saves my commute."
2026-04-01 18:10:04,Canva: AI Photo & Video Editor,Lisa Wang,5,"The AI tools are game changing! So easy to create professional designs from my phone."
2026-04-01 19:22:18,Snapchat,Tom Harris,3,"Fun filters but the layout is getting too cluttered. Feels heavy on my battery."
2026-04-01 20:05:41,YouTube,Rachel Green,4,"Essential app. Would appreciate more control over the recommended algorithm."
2026-04-01 20:45:11,"Strava: Run, Bike, Walk",Jack Wilson,5,"Best fitness tracker. The social features keep me motivated to beat my PRs."
